epoch,steps,Accuracy
0,10000,0.8377168438724119
0,20000,0.8574553594139492
0,30000,0.8687490461413238
0,40000,0.871140051889912
0,50000,0.8783639415984128
0,-1,0.8795848807040749
1,10000,0.88014447779417
1,20000,0.885282596530498
1,30000,0.8873174950399348
1,40000,0.8881314544437097
1,50000,0.8894032660121076
1,-1,0.8895558834003154
